id,budget,popularity,runtime,revenue,collection,has_homepage,is_en,has_tagline,num_production_companies,num_production_countries,num_spoken_languages,num_Keywords,num_cast,num_crew,is_popular_genres,release_year,release_day,release_month
5,0,1.14807,118.0,3923970,0,0,0,0,0,1,1,0,4,2,1,2009,3,2
8,0,1.949044,84.0,2586511,0,0,1,1,0,0,2,7,4,1,0,2004,3,1
9,0,6.902423,100.0,34327391,1,0,1,1,3,1,1,4,12,8,3,1996,4,2
12,0,10.54375,98.0,22642033,1,0,1,1,4,1,1,6,14,2,0,1987,4,7
16,500000,1.018477,97.0,198,0,1,0,1,1,1,1,2,13,25,1,2010,2,10
18,0,4.183558,111.0,1234254,0,0,1,1,4,1,1,2,19,31,0,2013,2,12
23,0,7.820787,116.0,100345,1,1,1,1,3,1,1,13,30,19,0,2012,5,7
24,0,1.323333,92.0,17011,0,1,1,1,3,1,1,0,19,10,0,2011,4,9
25,0,7.434577,87.0,4947717,0,1,1,1,2,1,3,3,13,10,0,2006,5,9
26,0,1.252367,95.0,8403433,0,0,1,1,4,2,1,0,15,14,0,1992,4,10
32,0,5.69586,117.0,36000000,0,1,0,0,15,5,1,15,14,18,0,2005,0,5
34,0,8.254856,125.0,7171,1,0,1,1,3,5,7,4,31,59,0,2014,3,10
37,0,2.100499,105.0,151559,0,0,1,1,3,3,1,14,15,2,0,2000,4,1
39,0,0.32926,90.0,92100,0,1,1,1,0,0,3,0,5,2,0,2013,4,9
41,0,2.941626,118.0,163000,1,1,1,1,1,1,1,2,6,1,1,2006,2,4
49,0,8.984386,94.0,653951,0,0,1,0,1,1,1,8,44,31,0,2017,4,3
51,560000,1.572904,102.0,1500000,0,1,0,0,0,1,1,10,9,2,0,2008,2,1
53,0,1.012665,97.0,11000000,0,0,1,1,1,1,1,5,13,7,2,1980,1,6
54,0,5.410839,98.0,17514553,0,1,1,1,1,1,1,1,9,4,1,1988,4,1
56,0,9.122718,95.0,36448200,0,0,1,1,1,1,1,7,9,3,0,1993,4,7
57,0,2.94798,97.0,1056938,0,1,0,0,1,2,2,3,9,3,0,2009,2,8
59,0,1.882446,95.0,119563,0,1,1,0,1,1,1,9,5,1,0,2008,1,6
63,0,6.381612,124.0,25232289,0,0,1,1,2,1,1,16,10,48,1,1998,4,1
68,0,6.303552,133.0,154120,0,0,0,0,3,3,2,5,7,5,0,2013,4,10
72,0,7.667491,126.0,16756372,0,1,0,1,8,8,2,13,13,11,0,2004,4,2
74,0,0.919556,90.0,17393,0,1,0,0,0,1,1,5,6,5,0,2004,1,3
75,445000,2.482536,84.0,2300000,0,0,1,1,1,1,1,15,16,12,0,1976,2,3
77,500000,0.660663,157.0,500000,0,0,0,0,0,1,3,0,11,7,0,2000,4,5
79,0,2.633399,122.0,35610100,0,0,1,1,2,1,1,13,15,13,1,1981,4,12
90,0,4.359884,109.0,140081992,0,0,1,1,3,2,1,22,13,20,0,1993,4,2
92,0,3.83196,106.0,215339,0,0,0,0,2,1,2,3,18,3,0,2001,4,3
94,0,14.322814,96.0,2724474,0,0,1,1,1,1,1,5,12,5,0,2008,3,5
96,0,0.181963,72.0,14353,0,0,0,0,1,1,1,0,9,3,0,2012,6,12
98,0,1.042112,158.0,73000,0,0,0,0,1,1,2,0,6,10,1,2011,6,6
103,0,1.066558,102.0,14961069,0,0,0,0,3,1,1,0,7,5,1,2007,5,8
104,0,2.401289,121.0,5310554,0,0,1,1,3,1,1,1,20,11,0,2012,4,9
105,0,1.590383,117.0,149521495,1,0,0,0,4,1,1,0,16,11,0,2014,3,2
117,0,1.678013,145.0,311,0,0,0,0,12,1,3,2,17,18,0,2012,3,11
118,0,11.356011,100.0,253625427,0,1,1,1,2,1,1,9,17,12,2,2007,4,3
119,0,4.304224,107.0,1796389,0,0,1,1,1,1,1,11,20,16,0,1993,4,6
127,0,5.695908,105.0,15500000,0,0,1,1,1,1,1,1,17,2,2,1978,4,6
133,0,1.079975,97.0,2452566,0,0,1,0,1,4,1,4,4,1,0,2000,5,9
137,0,2.490032,92.0,120680,1,1,1,1,0,1,1,6,17,3,1,2012,4,5
139,0,10.245682,93.0,3065860,0,1,1,1,2,1,1,16,9,45,0,2010,4,2
142,0,7.008512,101.0,31466789,0,0,1,1,3,2,1,4,13,13,0,2003,6,8
146,0,3.805811,88.0,9188,0,1,1,1,3,1,2,9,20,52,0,2016,4,12
147,0,10.278957,90.0,19510371,1,0,1,1,1,1,1,5,13,6,0,1988,3,3
149,0,9.322717,87.0,147214049,1,0,1,1,2,1,1,3,15,11,1,1992,4,4
151,0,1.178642,108.0,18,0,0,1,1,2,1,0,10,13,18,1,1980,4,12
152,0,1.279443,100.0,16905,0,0,1,0,3,1,1,2,1,7,0,2016,0,1
153,0,3.520171,92.0,241,0,0,1,1,0,1,1,2,5,8,1,1988,4,1
155,0,2.620456,90.0,5091888,0,0,1,1,1,1,1,8,15,10,1,1983,1,1
158,0,0.56257,94.0,447784,0,0,1,0,1,1,1,7,18,42,2,1994,4,1
162,0,1.319188,88.0,12277096,0,0,1,1,2,1,1,8,7,3,0,1988,4,4
163,125000,10.850569,90.0,3200000,0,1,1,1,1,1,1,7,6,8,0,2011,6,9
166,0,0.836108,90.0,25000,0,0,1,1,0,1,1,0,5,4,2,1989,6,1
167,0,8.802715,87.0,1723872,1,0,1,1,2,1,1,9,2,14,0,1982,6,6
171,0,9.021668,87.0,55600000,1,0,1,1,2,1,1,8,13,8,0,1985,3,3
172,0,5.524866,102.0,2585639,0,0,1,1,1,1,1,4,6,3,0,1987,6,10
178,0,0.060645,74.0,532654,0,0,1,0,1,1,0,2,11,15,0,1997,4,3
182,0,5.725912,119.0,20957001,0,0,1,1,3,2,1,7,9,6,0,2002,3,10
183,0,10.313689,104.0,21830957,0,0,1,1,2,1,3,3,15,11,0,1991,4,5
188,259000,0.722511,65.0,921000,0,0,1,0,1,1,1,2,11,8,0,1928,4,11
190,0,12.017861,111.0,16337881,0,0,1,1,2,1,1,0,15,6,0,2014,4,3
193,0,6.395748,91.0,37915971,0,0,1,0,2,1,1,11,61,43,0,2016,4,7
194,0,13.762328,90.0,13168027,1,0,1,1,3,1,2,13,15,11,1,1983,2,9
196,0,1.165679,96.0,115605,0,0,0,1,1,1,1,3,9,3,0,2008,2,10
207,0,3.14325,105.0,1543112,0,0,1,1,1,1,1,5,15,16,0,1992,4,5
209,0,8.096719,96.0,4352094,0,0,1,1,3,3,2,5,11,14,1,1994,4,4
213,0,2.011108,95.0,3418141,0,0,1,1,1,1,1,8,7,2,2,1993,4,8
219,0,2.972928,107.0,5010362,1,0,0,0,3,1,1,9,16,7,0,1980,4,8
222,0,8.358541,97.0,754935,0,0,1,1,2,1,1,2,5,6,0,1992,4,11
225,0,0.410738,53.0,500,0,1,1,0,2,1,1,3,1,2,0,2016,6,5
226,0,11.478361,110.0,6585516,0,0,1,1,7,4,1,5,30,19,2,2003,5,3
232,800000,0.941994,114.0,1001437,0,0,1,1,2,1,1,1,9,13,0,1993,4,10
233,0,3.74133,93.0,2225098,0,0,1,0,3,2,1,0,13,18,0,2013,4,10
234,0,0.492745,101.0,206728,0,0,1,0,0,1,1,1,0,3,0,2009,2,2
236,0,6.183051,94.0,27297451,0,1,1,1,2,1,3,3,16,16,2,2007,4,2
238,0,0.619347,95.0,1622164,1,0,0,0,2,1,2,7,31,16,0,1978,3,9
241,0,2.592927,102.0,5790448,0,0,1,1,2,1,1,7,7,17,1,1997,2,10
243,0,12.653798,114.0,80768,0,1,0,0,2,1,2,6,6,12,1,2009,5,8
244,0,8.416802,103.0,17519169,0,0,1,1,3,1,2,6,10,17,0,1995,3,11
245,0,2.738421,96.0,43885000,0,0,1,1,2,1,1,6,32,14,0,1979,3,4
254,0,0.241287,95.0,30292,0,0,0,0,0,1,1,2,1,3,0,2012,3,11
255,11178,0.079287,104.0,34659,0,0,1,1,3,1,1,2,9,6,0,2012,2,9
259,0,10.686166,83.0,2287714,1,0,0,1,3,1,1,11,22,31,2,1995,5,11
260,24554,0.154526,95.0,140021,0,0,1,1,0,0,1,0,4,1,0,1998,5,9
261,0,0.871303,99.0,187349,0,0,1,0,1,1,1,0,22,13,1,1988,4,9
263,0,6.972723,133.0,17636261,0,1,0,0,7,1,1,4,12,19,0,2010,5,12
265,0,2.799447,108.0,143597,0,1,1,0,0,1,1,3,30,30,0,2004,4,5
268,27000,10.513367,92.0,3151130,1,1,1,1,2,1,1,3,15,7,0,1994,1,9
270,0,0.498877,119.0,20,0,1,1,1,0,0,1,0,6,2,0,2007,4,9
276,0,8.469808,127.0,602042,0,0,1,0,4,1,1,0,27,12,0,2013,4,5
279,0,2.523707,102.0,23020,0,0,1,1,3,1,1,6,18,7,0,2016,4,9
281,0,2.584025,91.0,10,1,0,1,1,1,1,1,6,12,48,0,1999,4,10
288,0,4.322726,113.0,6841570,0,0,1,1,1,1,1,8,29,17,0,1994,4,10
294,0,1.791965,110.0,310724,0,0,0,1,2,1,2,7,24,8,1,1997,3,5
296,0,1.763116,99.0,5873871,1,0,0,0,1,1,1,1,29,8,2,2009,3,4
302,225000,1.533379,87.0,2850000,0,0,1,1,1,1,1,1,18,2,0,1933,3,10
303,0,2.36594,105.0,2945242,0,0,1,0,1,1,2,4,11,6,0,2005,1,9
304,0,5.385108,107.0,22886222,0,0,1,1,1,1,1,0,9,6,0,1993,4,6
305,0,7.362552,101.0,6193901,1,0,1,1,2,1,2,4,17,12,1,1988,4,1
314,0,5.339888,89.0,6297,0,0,1,0,0,3,1,0,10,1,0,2001,5,2
321,0,1.506457,96.0,750000,0,0,1,1,3,1,1,5,9,13,1,1986,5,9
331,0,1.895489,100.0,5588800,0,0,1,1,4,1,1,5,10,4,1,1982,3,3
334,0,2.870026,132.0,3225000,0,0,1,1,1,1,1,4,18,18,1,1949,1,12
335,1,0.43849,140.0,3,0,0,0,0,0,1,1,0,10,4,1,2003,0,5
338,0,0.215013,116.0,9833553,0,0,0,0,0,2,1,0,4,1,1,2010,5,11
341,0,11.576578,95.0,1289998,0,0,1,0,2,1,1,2,23,4,0,2014,4,9
343,0,0.767631,88.0,152810,0,1,1,1,1,1,1,4,9,4,0,2005,4,4
344,0,1.021685,93.0,88000,0,0,1,1,3,2,1,3,6,2,1,1982,3,6
346,0,3.611453,113.0,14681192,1,0,1,1,1,1,1,2,13,1,0,1988,4,7
348,12,1.410322,84.0,1,0,0,1,1,1,1,3,0,24,8,3,1996,2,10
350,350000,2.96237,85.0,3515061,0,1,1,0,5,1,2,6,5,2,0,2004,2,12
353,0,7.093984,96.0,9500000,0,0,1,1,1,1,1,9,9,2,0,1984,4,9
356,0,0.519968,99.0,393970,0,1,1,1,2,1,1,0,9,8,0,2017,4,4
361,0,1.43679,87.0,3162153,0,1,1,1,2,3,2,0,4,7,2,2016,2,11
366,7000,7.15307,77.0,424760,0,1,1,1,1,1,1,9,19,6,0,2004,4,10
368,0,8.150265,109.0,1644060,1,0,0,1,4,1,2,10,20,12,3,1999,0,2
369,0,6.068689,98.0,3351735,0,0,1,1,2,1,1,2,21,8,0,2016,2,4
371,0,1.369216,112.0,1192322,0,0,1,0,0,1,1,1,12,2,0,1988,3,9
375,500000,2.884359,97.0,17000000,0,0,1,1,1,1,1,9,19,20,0,1977,2,8
380,0,4.470369,97.0,830129,0,0,1,1,2,2,1,3,15,11,0,2015,6,9
384,0,8.543311,130.0,68929150,0,0,1,1,3,2,2,6,54,25,0,2012,3,9
387,0,0.118135,92.0,12000,0,0,1,0,0,1,2,2,15,1,0,2010,4,7
393,0,2.404466,89.0,126463,0,0,0,0,13,2,1,0,9,14,0,2016,2,8
396,0,7.957389,87.0,900689,0,1,1,1,2,1,1,4,30,16,0,2008,4,1
397,0,11.110533,74.0,32230907,0,1,1,1,1,1,1,4,7,21,0,2013,2,7
398,0,2.628306,103.0,1919653,0,0,1,1,3,2,1,14,17,19,0,1989,4,11
403,0,3.402261,100.0,8251,0,1,1,0,3,2,1,5,6,12,0,2014,5,10
404,0,2.469772,93.0,1469,0,0,1,1,4,1,1,3,27,30,1,2013,5,2
405,0,3.842769,105.0,8143225,0,0,1,0,2,1,1,7,10,45,1,1989,4,1
410,0,9.665142,115.0,4104962,0,0,1,1,2,1,2,7,13,11,0,1993,4,4
414,800000,0.170979,83.0,966214,0,0,0,0,3,1,1,0,22,2,0,2006,3,12
417,0,8.175019,130.0,69932387,0,1,0,0,9,1,1,5,6,12,0,2008,5,9
418,0,11.258125,90.0,373530,0,0,1,1,1,1,2,16,17,14,1,1985,3,8
426,0,7.34241,115.0,641100,0,0,1,1,2,1,1,8,19,6,1,2012,0,7
428,0,0.82522,84.0,2012927,0,1,0,0,6,1,1,5,22,18,0,2009,3,7
429,810000,3.099222,106.0,1258000,0,0,1,1,1,1,2,12,9,12,0,1977,5,1
436,0,7.74579,90.0,300859,0,0,1,0,2,1,1,8,8,20,2,1987,4,7
437,0,9.266214,95.0,70918,0,0,1,0,1,1,1,7,4,9,0,2014,5,1
440,762241,4.860265,140.0,285930,0,0,0,0,3,2,1,1,28,24,0,2016,3,9
442,0,10.200553,94.0,1986615,0,1,1,1,3,1,2,0,17,33,0,2015,4,10
443,0,2.117703,83.0,832735,0,1,1,0,0,1,1,4,4,10,0,1997,4,10
444,0,6.473842,103.0,4300000,0,0,1,0,2,1,1,2,38,14,0,1985,4,2
446,0,1.693701,93.0,343786,0,0,1,0,2,0,1,2,19,3,0,1988,4,10
452,0,6.402939,102.0,1787926,0,1,1,1,3,1,1,6,36,15,0,2016,4,1
453,0,1.69425,116.0,1009620,0,0,1,0,1,1,3,0,7,1,0,2014,4,9
455,0,0.656215,101.0,3790493,0,0,1,0,1,1,0,0,5,1,0,1988,4,9
456,0,9.128571,84.0,4910682,0,0,1,0,9,3,2,5,6,10,0,2007,3,8
458,250000,0.003013,82.0,340147,0,0,1,0,0,0,1,0,2,1,0,1992,4,9
461,0,1.899468,124.0,203781,0,0,0,0,1,1,3,6,8,6,0,1986,3,2
464,0,8.09806,124.0,126297830,0,0,1,1,2,1,1,2,23,8,1,1989,0,7
466,0,10.638289,121.0,18782400,0,0,1,0,1,1,1,5,9,7,0,1987,4,10
470,113,9.231318,113.0,115103979,1,0,1,1,2,1,1,5,11,7,3,1986,2,6
476,0,0.368092,120.0,1612100,0,1,0,1,0,1,1,0,9,1,0,2012,4,8
480,0,8.450231,104.0,16589540,0,0,1,1,3,1,1,1,6,7,1,1993,4,8
481,0,0.182717,91.0,1300000,0,0,1,1,1,1,1,1,12,2,0,1954,0,2
485,0,2.183504,85.0,3335984,0,0,1,1,1,1,1,4,10,2,0,1993,4,8
490,250000,1.924535,85.0,609524,0,0,1,0,1,1,1,10,5,4,0,1991,4,4
491,590235,8.888393,92.0,1725381,0,1,1,1,1,1,2,11,12,30,1,2009,0,2
494,0,9.116245,110.0,37803872,0,0,1,1,1,1,1,3,17,9,0,1985,3,6
499,0,0.91505,152.0,25,0,0,1,1,0,0,1,0,3,2,0,2006,5,9
501,0,7.872569,145.0,741766,0,0,0,1,3,2,3,8,11,8,0,1969,2,9
503,0,8.35399,104.0,316472,0,0,1,0,3,1,1,6,13,39,1,2015,3,4
505,0,10.460298,122.0,11750000,0,0,1,1,1,1,1,4,23,14,0,1957,2,5
509,60000,10.621362,84.0,3221152,0,1,1,1,4,1,1,9,13,10,0,1998,4,7
511,910000,18.211093,108.0,9600000,0,0,1,1,2,1,1,6,22,11,0,1954,0,6
513,93,11.096527,107.0,2500000,0,1,1,1,3,1,1,15,10,3,0,2011,4,1
515,0,6.625607,96.0,53447,1,1,1,1,3,2,1,4,13,3,0,2016,4,4
522,0,1.380258,116.0,365522,0,0,1,1,1,1,1,11,15,12,0,2014,3,4
525,0,1.532894,181.0,8500000,0,0,0,0,1,1,1,5,16,14,1,2005,4,6
532,0,6.316596,117.0,226286,0,1,1,0,5,1,1,3,7,6,0,2016,6,10
540,0,4.39817,87.0,621951,0,1,1,1,1,1,1,3,7,2,0,2011,4,4
550,0,0.769595,180.0,238073,1,1,1,0,0,1,1,3,4,1,0,2005,3,9
554,0,4.769347,96.0,11081586,0,0,1,1,2,1,1,6,11,9,0,1993,4,3
556,0,4.854436,90.0,600000,0,0,1,1,2,1,2,13,41,22,2,1932,4,4
557,0,0.239993,112.0,4878242,0,1,1,1,1,1,1,8,10,27,1,2014,3,3
561,0,1.282833,98.0,16136,0,1,1,1,2,1,1,2,8,2,0,2007,4,10
562,0,12.34835,96.0,1600000,0,1,1,1,2,1,1,13,56,17,0,2013,4,8
565,0,0.699668,120.0,930349,1,0,0,0,1,1,1,8,35,12,0,1984,4,11
566,0,3.939557,101.0,81010,0,0,1,0,0,1,2,2,9,2,0,2009,4,11
576,0,12.50303,130.0,20710451,0,0,1,1,8,3,1,6,18,9,0,1990,2,12
578,0,8.665106,86.0,7800000,0,0,0,0,6,2,2,6,20,16,3,2017,2,2
580,0,1.033927,88.0,88,0,0,1,1,1,1,1,3,15,15,1,1948,0,11
581,0,2.858879,82.0,8033397,0,0,1,1,1,1,1,1,16,18,0,1986,4,7
582,0,6.785735,116.0,461162,0,0,1,1,2,1,1,5,25,15,0,2014,4,10
585,0,0.773954,116.0,1083282,0,0,1,1,1,1,1,2,9,11,0,1987,2,11
589,90000,0.837849,72.0,5000000,0,0,1,1,1,1,1,11,12,11,0,1958,1,10
591,0,0.218263,94.0,9016377,0,0,1,1,1,1,1,2,5,2,0,1999,2,5
592,0,0.402368,107.94115292233786,234748,0,0,0,0,2,1,1,4,8,6,0,2003,3,12
595,0,11.971318,97.0,32648673,0,0,1,1,1,1,1,0,10,6,0,1995,4,3
596,0,1.985348,88.0,214000,0,0,0,0,1,1,2,0,8,4,0,2013,0,1
606,100000,5.113205,193.0,11000000,0,0,1,1,1,1,1,5,49,55,0,2015,6,2
607,0,10.475435,141.0,228984,0,0,0,0,3,2,1,3,9,7,1,2014,2,12
608,0,1.373641,88.0,429766,0,1,1,1,2,1,1,0,41,17,0,2011,4,4
609,700000,2.819298,77.0,31576,0,0,1,1,3,1,1,3,11,13,0,2007,3,2
610,0,5.121309,71.0,273644,1,0,1,1,0,0,8,3,4,3,3,1997,2,1
616,0,3.936673,110.0,1107542,0,0,1,0,2,1,1,4,20,35,0,2008,4,10
617,0,0.318437,95.0,170000,0,0,0,0,0,1,1,0,5,5,0,2010,6,10
620,0,5.472431,188.0,4971340,0,1,0,0,4,3,4,8,18,14,1,1982,4,12
622,0,7.559298,120.0,837000,0,0,0,0,6,3,1,1,22,22,0,2004,4,11
627,0,4.379054,112.0,5632086,0,0,1,1,2,1,1,6,8,9,0,1993,4,3
630,0,0.897413,116.0,12413650,0,0,1,1,2,0,1,7,9,33,0,1998,4,8
635,0,8.3539,106.0,44527234,1,0,1,1,1,1,1,12,9,7,0,1968,1,2
637,0,2.081712,107.0,36565280,0,0,1,1,1,0,1,2,4,7,2,1981,4,8
639,300000,1.023164,105.0,1400000,0,0,1,0,6,1,1,2,5,3,1,1981,3,2
640,6,11.179864,122.0,8,0,0,1,1,2,1,1,6,51,31,0,2000,2,9
645,0,7.843562,143.0,55240,0,0,0,1,1,1,1,13,39,7,0,1952,2,10
649,0,5.682778,130.0,16300000,0,0,1,1,1,1,1,1,16,18,0,1944,6,5
653,0,2.805298,101.0,49501,0,0,1,1,3,0,1,0,22,2,0,1998,3,9
654,20000,3.111281,111.0,99000,0,0,0,1,1,1,1,17,15,2,0,1997,3,11
658,0,11.959887,106.0,13000000,0,0,1,1,2,1,1,7,23,21,0,1985,2,8
664,0,6.76513,88.0,18112929,0,1,1,1,3,1,1,8,12,69,0,2012,3,5
665,0,1.073743,85.0,70,0,0,1,0,0,0,1,0,5,2,1,1994,4,9
666,0,4.118699,98.0,10,1,1,1,1,1,1,1,12,18,6,1,2010,6,3
668,0,4.250364,118.0,340911,0,0,1,0,3,3,1,0,12,2,0,2013,5,9
670,0,8.387519,106.0,76578911,1,0,1,1,2,1,1,9,12,7,0,1995,4,2
679,0,7.174869,106.0,1296937,0,0,1,1,3,1,1,7,12,3,0,2011,3,2
683,0,9.861672,107.0,46405336,0,0,1,1,4,1,1,5,12,13,0,1993,2,9
688,0,11.966566,80.0,1382462,0,0,1,1,2,1,3,5,21,6,0,1990,4,9
689,0,4.352904,122.0,11294,0,0,1,0,7,2,1,2,7,2,0,2013,2,1
691,0,4.074783,104.0,6000000,0,0,1,1,1,1,1,3,7,3,0,1960,3,12
695,0,13.235179,97.0,5979292,0,0,1,1,2,1,1,5,18,10,0,1983,4,4
696,1,1.280455,132.0,2,0,0,0,1,1,1,1,0,6,2,0,2003,4,8
697,0,11.950477,108.0,20000000,0,0,1,1,1,2,2,2,58,9,0,1992,3,10
708,0,9.197511,90.0,13769,0,0,1,0,3,1,1,1,17,16,0,2014,4,2
711,0,14.331454,100.0,9504139,0,0,1,1,5,5,1,17,17,34,0,2011,0,6
712,0,1.893822,112.0,4385312,0,0,1,1,1,1,1,4,11,10,0,1984,2,12
717,0,11.449373,89.0,17953778,0,0,1,1,1,1,1,9,14,11,0,1993,4,3
719,0,7.477944,76.0,32710894,1,0,1,1,4,2,1,0,20,22,3,1992,4,4
720,0,7.328242,95.0,190000,1,1,0,1,1,1,1,5,13,13,0,2014,1,9
721,0,9.488593,95.0,4469460,1,0,0,1,1,1,3,11,16,9,1,1986,5,8
722,800000,7.137026,94.0,62852,0,0,1,0,0,1,1,8,6,2,0,2003,4,1
723,0,5.007836,99.0,7399763,0,0,1,1,2,2,1,2,10,13,1,1988,4,11
727,0,4.912681,105.0,4129250,0,0,0,1,3,1,1,7,12,29,0,2012,3,3
731,0,9.661817,97.0,1999955,0,0,0,1,4,3,3,11,21,24,0,1991,2,5
733,0,8.328596,104.0,11220670,0,0,1,1,1,1,1,8,6,8,0,1994,1,5
741,0,6.617717,86.0,2692037,0,0,1,1,2,1,1,5,50,30,1,1989,3,8
742,0,0.000578,92.0,402539,0,0,1,0,1,1,1,4,9,2,1,1991,4,11
743,967686,11.934045,101.0,4270000,0,1,1,1,4,1,3,2,20,13,0,2010,4,5
747,50000,11.329733,103.0,249905,0,0,1,1,0,1,1,1,10,3,1,2007,3,2
749,0,4.725759,91.0,34153101,1,0,1,1,1,1,1,6,7,11,2,2012,4,11
753,0,0.358968,100.0,21350,0,0,1,1,2,0,1,4,4,3,0,1998,2,10
756,0,2.340967,96.0,6000000,0,0,1,1,3,1,4,15,11,3,1,1981,4,2
757,0,6.188664,103.0,194720,0,0,0,1,1,1,2,3,16,18,1,1993,3,6
759,0,6.117335,99.0,24134,0,0,0,0,3,1,2,7,15,11,0,2015,3,9
765,0,2.132858,115.0,8800000,0,0,1,1,3,1,1,7,29,15,0,1989,4,3
769,0,6.15698,98.0,2262223,0,1,1,0,3,4,1,4,6,13,0,2014,4,2
773,0,5.063701,110.0,5926128,0,0,1,1,1,1,1,5,17,26,0,1997,4,4
774,0,0.001272,75.0,48752,0,0,1,0,0,1,1,7,0,2,0,2000,4,10
775,0,14.67986,97.0,3317662,0,0,1,1,11,1,1,2,11,55,0,2010,4,3
776,0,2.92387,40.0,7732325,0,1,1,1,1,1,1,8,3,11,0,2011,4,4
780,0,12.553657,112.0,55447968,0,1,1,1,4,4,1,14,15,28,0,2008,4,2
784,0,4.582718,105.0,22697691,0,0,1,0,3,1,2,2,27,32,0,1992,4,7
785,0,2.614785,90.0,12416686,0,0,1,1,1,1,1,5,7,8,0,1993,4,9
789,0,3.457153,89.0,2334228,0,1,1,0,0,1,1,7,4,3,1,2015,6,1
797,8,4.222195,133.0,33579813,0,1,0,0,1,1,2,3,8,10,0,2005,3,8
798,0,5.159349,102.0,4631,0,1,1,1,3,1,1,7,11,2,0,2015,6,4
799,0,3.215954,89.0,66456,0,1,1,1,1,1,1,0,27,41,0,2009,1,3
808,0,4.433261,150.0,138730,0,0,0,0,3,2,1,6,24,23,0,2011,4,9
809,0,13.567726,90.0,32846,0,0,1,1,2,1,1,3,6,26,0,2013,4,7
812,0,5.50751,113.0,1400000,0,0,1,1,2,1,1,4,4,2,0,1985,4,8
818,100000,1.522753,90.0,22000000,0,0,1,1,1,1,1,8,5,9,0,1972,1,8
819,0,14.307672,92.0,233755553,1,1,1,1,5,1,1,5,27,12,3,2015,3,12
822,886000,6.507597,103.0,2600000,0,0,1,1,1,1,1,2,9,16,0,1936,2,8
824,0,9.555852,81.0,1250000,0,0,1,1,2,1,2,6,9,13,0,1962,1,3
830,500000,0.892007,78.0,11276,0,1,1,1,0,0,1,0,5,2,0,2009,3,1
836,0,0.91273,91.0,1305887,0,0,1,0,2,2,2,5,5,2,0,1990,3,3
837,0,8.870325,100.0,21520719,0,0,1,1,3,1,1,1,10,15,0,2010,4,5
839,0,7.464981,126.0,16803753,0,1,1,1,1,1,1,8,8,3,0,2006,3,8
842,0,4.581577,97.0,11449638,0,0,1,1,4,1,1,5,21,30,0,2006,4,8
843,0,0.727837,104.0,369975,0,0,1,1,3,1,2,0,10,2,0,2000,3,4
845,355000,7.503126,72.0,1012189,1,0,1,1,1,1,3,13,26,14,0,1931,2,2
850,1,8.159556,87.0,8500000,0,0,1,1,2,1,1,10,36,20,0,1936,1,2
853,0,13.177741,108.0,152761,0,0,1,0,3,1,1,4,26,6,0,2016,4,11
854,0,6.853782,111.0,36611610,0,0,1,1,1,1,1,11,21,4,0,1986,3,3
856,0,1.199003,105.0,887029,0,1,1,1,1,1,2,4,5,10,0,2008,5,9
863,0,0.007294,82.0,26488,0,0,1,1,1,1,1,1,12,11,0,2011,4,5
864,0,2.20137,87.0,2642899,0,1,1,1,3,2,1,4,6,11,0,2015,5,9
865,0,1.489895,111.0,634074,0,1,1,1,2,1,2,1,18,15,0,2005,0,9
867,151000,1.879162,91.0,8000000,0,0,0,1,2,2,3,2,12,4,0,1960,0,5
868,0,1.404434,109.0,135893,0,0,1,1,3,1,1,13,19,8,0,1991,4,11
872,0,6.065049,124.0,48720000,1,0,0,0,1,1,1,0,15,2,0,2009,1,11
873,0,1.689926,108.0,3106835,0,0,1,0,0,1,1,0,8,4,1,2007,4,8
877,0,3.043177,136.0,42160849,0,0,1,0,1,1,2,4,15,2,0,1985,4,11
879,0,8.207548,107.0,3572443,1,0,1,1,2,1,2,6,16,17,0,1998,4,4
885,0,2.115609,85.0,18315000,1,0,0,0,1,1,1,0,5,3,3,2013,3,12
886,0,6.970037,104.0,49579269,1,0,1,1,4,2,2,1,16,10,1,1978,2,7
887,0,0.223633,100.0,306,0,0,1,0,2,1,1,0,4,3,0,2012,0,12
890,0,1.818561,94.0,13102295,0,0,1,1,6,2,1,4,23,59,0,2002,4,1
891,0,1.698895,105.0,8125592,0,0,1,1,2,1,1,4,6,11,2,1989,4,3
893,0,2.564695,89.0,386749,0,1,1,1,1,1,1,5,3,1,0,2011,4,6
896,0,3.507084,111.0,5438927,0,0,1,1,2,1,3,8,17,13,1,1978,4,3
899,0,5.787334,88.0,16627188,0,0,1,1,3,2,3,4,35,36,4,2006,4,9
902,0,1.568839,95.0,52164,0,0,0,0,8,2,1,5,1,3,0,2014,2,3
904,0,1.833948,113.0,14134877,0,0,1,1,1,1,1,5,12,4,2,1984,4,3
910,0,6.770051,84.0,30668,0,0,1,1,3,1,1,2,41,43,0,2012,3,9
911,0,4.333617,89.0,2340,0,1,0,1,1,1,1,0,5,2,0,2013,3,9
916,0,7.916658,134.0,61700000,1,1,0,1,3,1,1,4,11,5,1,2012,5,8
918,0,1.679042,80.0,3662459,0,0,1,1,1,1,1,0,13,4,0,1994,4,1
919,940000,0.739665,138.0,5100000,0,0,0,0,2,1,2,5,9,13,1,2015,4,4
920,0,1.047417,96.0,3832228,0,0,1,0,0,1,1,1,7,5,1,1987,4,8
921,0,5.383766,97.0,2683519,1,0,1,1,5,1,1,31,11,2,0,1987,4,11
923,0,10.177977,78.0,35348597,1,0,1,1,1,1,1,8,15,23,3,1995,4,4
925,0,1.926826,107.94115292233786,850259,0,0,0,0,8,1,1,6,21,15,0,2013,4,11
929,0,5.093586,99.0,641,0,0,1,1,1,1,1,1,10,9,2,2013,4,7
932,143149,0.091951,94.0,645135,0,1,0,0,3,1,1,0,16,9,3,2015,3,5
936,0,6.816276,93.0,4215859,0,0,1,1,2,2,1,5,10,3,0,1987,4,5
937,0,0.569463,181.0,14000000,0,0,0,0,2,1,1,4,16,16,1,2015,4,7
938,0,1.54105,100.0,37884,0,0,1,0,1,2,1,1,45,10,1,2013,4,3
940,558000,1.41344,89.0,2227000,0,0,1,1,1,1,1,2,16,11,1,1931,4,12
944,0,6.080108,75.0,28023563,1,1,0,0,0,2,1,3,4,17,4,2001,4,7
948,0,1.954153,89.0,124693,0,0,1,1,2,2,1,0,2,12,0,1994,4,11
953,0,0.985785,93.0,1000000,0,0,1,1,1,1,1,0,6,10,0,1967,1,7
955,0,12.945544,120.0,1982505,0,0,1,0,7,2,2,5,8,20,0,2015,3,11
957,0,5.416273,89.0,1301696,0,0,1,0,2,1,1,5,11,17,0,2015,4,6
960,0,11.492174,106.0,65088797,0,0,1,1,2,1,1,4,14,19,2,1987,4,12
961,0,9.221178,115.0,83027924,1,0,0,0,1,1,2,1,27,4,0,2015,3,9
965,800000,11.322173,121.0,921548,0,0,0,1,2,2,4,12,8,30,0,1966,2,9
967,0,7.832484,119.0,30229977,0,0,1,0,3,1,3,3,23,69,0,2015,3,4
980,0,1.184009,99.0,2189047,0,0,1,1,0,0,0,6,4,1,1,1987,4,11
986,0,0.235518,95.0,58840,0,1,1,1,1,1,1,0,7,11,0,2011,4,7
988,0,10.841495,98.0,23570541,0,1,1,1,7,1,1,6,15,54,0,2012,3,11
991,0,7.594022,106.0,13885802,0,0,1,0,4,1,1,9,6,12,2,2003,4,9
992,0,2.165608,96.0,49667,0,0,1,0,1,1,1,5,5,17,0,2014,6,1
993,609000,7.122093,101.0,3202000,0,0,1,1,1,1,2,10,8,20,0,1935,3,9
995,0,7.122938,111.0,65595485,0,0,1,1,2,1,1,4,13,33,1,1991,4,3
1000,0,10.101183,115.0,17808,0,0,0,1,3,2,2,8,22,17,0,1973,3,5
1004,0,5.185771,119.0,1841260,0,0,1,1,1,1,2,7,20,28,0,2004,3,9
1008,0,0.007877,60.0,60,0,0,1,0,0,1,1,0,1,8,0,2011,5,2
1012,0,9.385078,115.0,41410568,0,0,1,1,2,1,1,12,30,9,0,1985,4,6
1015,0,6.093938,105.0,957240,0,0,1,1,7,1,1,4,11,46,0,2011,4,10
1021,0,1.081517,40.0,87600000,0,0,1,0,1,1,1,7,6,10,0,1995,2,2
1023,0,2.162495,71.0,44057737,1,0,0,0,10,1,3,0,10,11,1,2012,4,7
1024,0,7.587797,100.0,19910002,0,0,1,1,3,1,1,11,18,22,1,1983,4,5
1026,0,5.819403,91.0,4187,0,0,1,1,2,1,1,2,24,71,0,2013,2,11
1028,0,4.119518,103.0,6472990,0,0,1,0,2,1,1,7,19,5,0,1983,4,11
1029,137731,1.78367,83.0,1778391,0,0,1,1,0,2,1,3,10,9,3,1997,3,9
1034,0,5.889414,92.0,29235353,0,0,1,1,1,1,3,25,8,10,0,1997,4,4
1035,0,6.99099,138.0,38901218,0,0,1,1,4,2,2,10,23,31,0,1968,0,4
1037,280379,8.913793,90.0,364937,1,0,1,1,2,1,1,8,14,14,0,1966,5,1
1040,0,3.751532,98.0,45250,0,0,1,0,1,1,1,5,4,3,0,2012,1,9
1044,0,0.654549,89.0,331000,0,0,1,1,3,2,1,1,15,3,0,1988,4,5
1047,0,11.067992,93.0,1519796,1,0,1,1,3,2,1,15,12,24,0,1989,4,11
1052,0,2.59282,103.0,17487531,0,0,1,1,1,1,1,5,8,16,0,1990,4,10
1054,0,0.044048,85.0,928391,0,0,0,0,1,1,1,3,17,10,0,2004,4,6
1056,0,3.554939,89.0,525,0,0,1,0,1,1,1,0,4,5,0,2012,3,5
1059,0,13.311827,102.0,1108462,0,0,1,1,2,1,2,6,23,11,0,1988,5,10
1062,0,7.356831,93.0,8692426,0,0,1,1,1,1,1,9,24,12,0,1985,4,2
1065,0,7.489306,109.0,199436,0,1,1,1,2,1,1,0,32,12,1,2009,5,5
1069,0,0.619481,111.0,9518342,0,0,1,1,0,1,2,0,4,1,0,1987,4,2
1072,0,8.461631,113.0,42776760,0,0,0,1,2,2,4,6,13,8,1,2001,3,7
1075,0,7.631049,109.0,10000000,1,0,1,1,1,1,3,9,5,5,0,2004,4,4
1076,800000,7.974726,91.0,1984662,1,1,0,1,7,1,1,4,10,28,0,2009,4,1
1077,0,6.437916,98.0,15000,0,1,1,0,2,1,1,13,15,4,0,2013,4,1
1079,0,6.464826,95.0,14347000,0,0,1,1,2,1,1,8,16,12,0,2011,5,9
1083,0,6.266831,119.0,985007,1,1,1,1,5,1,1,3,26,8,0,2014,2,5
1085,0,0.273694,97.0,254190,0,1,1,0,2,1,2,1,6,1,0,2006,6,10
1086,0,0.676383,90.0,606694,0,0,0,1,2,2,1,5,18,15,1,1983,5,8
1087,0,0.192513,93.0,1221366,0,0,1,1,0,0,1,0,7,1,1,1988,4,7
1089,0,5.759423,103.0,4367497,0,0,0,1,3,2,2,18,38,34,1,1995,4,10
1090,0,10.444048,120.0,28641776,0,1,1,1,2,1,1,7,12,27,0,2015,4,5
1093,0,0.190879,120.0,3082901,0,1,0,0,0,1,1,0,6,1,0,2010,2,10
1101,0,0.481394,82.0,3370574,0,0,0,0,1,1,1,8,24,8,0,1991,4,12
1102,0,0.288203,90.0,119919,0,0,1,0,0,1,0,0,3,4,0,1987,3,10
1106,0,3.701538,106.0,15530077,0,0,0,1,3,4,1,6,20,4,0,2003,3,2
1111,0,1.943323,97.0,3021629,0,0,1,1,1,0,1,0,7,1,0,1994,4,9
1112,0,7.936216,124.0,129795554,0,0,1,1,2,1,1,3,33,16,0,1982,2,7
1129,350000,10.421679,85.0,29400000,1,0,1,1,1,1,1,17,10,11,0,1981,3,10
1131,0,7.68372,96.0,126737428,1,0,1,1,1,1,1,4,14,12,2,1977,3,5
1135,0,3.408264,102.0,40000,0,0,0,0,1,1,2,2,11,6,0,2014,3,5
1137,0,2.969691,94.0,50673078,1,1,0,1,4,2,3,0,0,1,2,2009,5,7
1139,0,14.214403,115.0,30,0,0,1,0,2,2,1,5,11,13,1,1994,4,2
1140,100000,8.003815,96.0,444098,0,0,1,0,1,1,1,8,6,7,0,2013,4,4
1142,0,1.042432,79.0,11,0,0,0,0,1,1,1,0,8,3,0,2011,3,9
1144,878000,13.916101,102.0,10462500,0,0,1,1,1,1,4,14,105,33,0,1942,2,11
1145,0,5.599039,85.0,14947,0,1,1,1,2,1,1,3,11,34,1,2014,0,10
1147,0,6.398905,86.0,161410,0,0,1,1,4,1,2,3,6,9,0,1994,5,1
1148,0,7.78179,162.0,1751330,0,1,1,0,3,2,1,17,28,26,0,2016,4,9
1150,300000,7.90622,88.0,2750275,0,1,1,0,4,1,2,0,36,12,0,2012,1,7
1157,300000,1.687901,88.0,1750211,0,0,1,0,1,1,1,4,5,3,0,2005,4,7
1162,0,4.249695,94.0,121,0,0,1,1,2,1,1,12,25,21,0,1927,3,9
1171,0,5.289075,102.0,11129057,0,0,1,0,1,1,1,0,11,3,0,1984,2,11
1173,0,9.596119,90.0,2681345,0,0,1,0,1,1,1,7,10,3,0,2013,5,9
1174,0,4.601867,90.0,28281,0,0,1,1,2,1,1,0,8,16,0,2015,4,6
1175,0,11.069608,112.0,4706919,0,1,1,1,2,1,3,0,20,8,1,2009,2,9
1176,0,6.341259,106.0,6149791,0,0,1,1,2,2,1,9,22,11,0,2009,3,1
1179,0,0.60908,99.0,11000000,0,0,1,1,2,1,1,2,10,16,0,1971,4,2
1180,0,12.372036,87.0,24689703,0,0,1,1,1,1,2,5,9,9,0,1985,4,8
1186,0,2.958988,144.0,810455,0,0,0,1,1,1,3,5,16,11,1,1993,3,9
1187,0,1.099467,95.0,680224,0,0,0,0,3,2,1,9,31,18,0,1980,0,10
1188,747000,2.775402,107.0,44566,0,0,0,1,3,2,1,3,17,10,0,1968,3,3
1189,0,4.02059,82.0,34664,0,1,1,0,6,1,2,3,3,11,0,2013,4,2
1191,0,2.087446,100.0,7,0,0,1,0,2,1,3,7,7,13,2,1985,1,1
1195,0,4.148276,90.0,1675484,0,0,1,1,2,3,1,12,7,27,0,2006,2,5
1199,5,6.759519,110.0,85,1,0,1,1,2,1,1,12,7,2,2,1978,1,12
1200,65000,2.799356,99.0,416498,0,1,1,1,1,1,1,5,21,12,0,2010,4,11
1203,0,1.459459,168.0,17000000,0,0,0,0,1,1,1,2,20,18,1,2017,3,1
1205,0,4.912295,97.0,35114428,0,0,1,1,1,1,1,9,14,12,0,1987,2,7
1207,0,5.257142,100.0,5151936,0,0,0,1,2,2,1,3,16,5,0,2005,4,11
1214,0,7.938629,82.0,2744253,0,0,1,1,0,1,1,2,58,1,0,2002,4,10
1215,0,9.668784,100.0,215576,0,1,1,1,3,1,1,2,18,21,0,2010,2,1
1216,0,8.569996,108.0,9930095,0,0,1,1,6,2,3,2,20,75,0,2016,3,5
1217,0,10.273979,89.0,13418091,0,0,1,1,1,1,1,10,13,16,0,1986,4,8
1222,0,5.634675,107.0,7185518,0,0,1,1,1,1,1,20,11,16,2,1978,4,9
1226,0,5.843804,101.0,223003,0,1,1,1,4,1,1,2,4,9,0,2014,4,9
1231,15000,12.706424,86.0,193355800,1,1,1,1,2,1,1,5,5,11,0,2007,4,9
1233,0,0.618434,116.0,473993,0,1,1,0,7,2,1,2,7,14,0,2007,2,9
1241,0,0.704637,139.0,126,0,0,1,0,0,0,1,0,6,3,1,2012,4,12
1253,0,9.518564,122.0,17381942,0,0,1,1,2,2,1,11,9,5,0,1995,4,1
1254,0,1.323422,113.0,57252,0,0,1,1,0,0,1,1,10,11,0,1997,4,4
1255,0,1.764981,90.0,404,0,1,0,0,3,3,3,0,4,2,0,2010,2,10
1256,0,1.62344,107.94115292233786,39598448,0,0,0,0,2,3,1,1,13,5,0,1975,0,8
1258,0,1.714152,95.0,337812,0,0,1,1,1,1,1,3,5,1,0,1989,4,9
1259,0,3.968853,107.0,6132924,0,0,1,0,2,1,1,1,7,9,0,1992,4,5
1262,0,9.617662,105.0,11879046,0,0,0,1,4,1,1,10,16,19,0,2012,2,9
1266,0,3.524327,104.0,28208,0,1,1,1,2,1,1,4,13,5,0,2014,5,3
1270,802000,6.165341,104.0,4371000,0,0,1,1,1,1,2,2,6,6,0,1942,1,10
1272,120000,1.62632,87.0,14904,0,0,1,1,0,1,1,0,8,2,0,2000,2,9
1276,230000,4.788002,89.0,25000000,1,0,1,1,1,1,1,10,13,8,0,1977,4,7
1278,0,0.941321,85.0,41232,0,0,1,0,2,1,1,15,5,11,0,1987,4,8
1281,0,2.914029,128.0,19204593,0,1,0,0,2,1,1,2,14,6,1,2016,5,11
1288,700000,11.118844,112.0,2594000,0,0,1,1,1,1,1,19,26,7,0,1932,1,5
1290,0,7.390658,79.0,1300000,1,0,1,1,1,1,1,16,13,18,1,1954,3,3
1299,0,10.754614,91.0,5624282,0,0,1,1,2,1,1,8,25,8,0,1998,4,1
1300,0,2.099788,90.0,37285,0,0,1,0,2,1,1,0,4,11,1,2014,4,4
1302,0,11.823889,101.0,204660,0,0,1,0,4,2,1,4,5,2,0,2008,0,1
1305,0,12.874084,80.0,921974,0,0,0,1,7,2,1,8,5,9,2,2016,2,6
1308,0,2.69722,105.0,144633,0,0,1,0,1,1,1,5,20,19,0,2011,4,7
1311,0,1.954863,93.0,18000,0,1,1,1,0,1,2,4,12,4,0,2010,3,1
1318,722083,0.817488,120.0,499168,0,0,1,0,0,1,3,0,6,2,0,2014,2,11
1323,0,6.198003,85.0,486021,0,1,1,1,3,2,1,17,15,15,0,2007,0,5
1324,0,1.935006,102.0,3337685,0,0,1,0,1,1,1,0,8,14,1,1994,4,10
1325,0,0.689004,80.0,235432,0,0,0,0,0,1,1,3,15,6,0,2008,2,5
1326,0,12.515435,91.0,3983997,0,0,1,1,2,1,1,14,16,36,0,2008,4,9
1327,0,9.394353,84.0,1117920,0,0,1,1,4,1,1,12,11,12,0,2005,4,9
1329,0,0.284911,95.0,1373728,0,0,1,0,1,1,1,0,9,4,0,1990,4,5
1330,0,1.233405,136.0,1942423,0,0,0,0,8,1,1,2,7,9,0,1991,2,4
1331,0,1.194891,124.0,8100000,0,0,1,0,2,1,1,3,9,2,0,1982,4,1
1332,0,5.451273,98.0,1347747,0,0,0,0,4,6,1,5,15,27,0,2012,4,8
1334,0,0.037986,123.0,15504,0,0,1,1,0,0,0,0,3,2,0,2005,4,9
1337,0,12.140407,108.0,8022000,0,0,1,1,1,1,1,5,15,10,0,1975,4,10
1343,0,4.749622,115.0,1113277,0,0,0,0,2,1,3,0,9,27,0,2015,3,9
1345,0,0.53204,124.0,10082,0,0,1,0,0,0,1,0,11,2,0,1997,4,10
1347,1,6.42883,115.0,5,0,0,1,1,1,1,1,10,63,25,0,1955,1,3
1351,0,2.86317,152.0,5200000,0,0,1,1,3,2,1,2,13,3,0,1967,0,10
1355,0,37.484577,99.0,422,0,0,1,0,2,2,1,0,16,7,0,2017,3,6
1357,25000,3.985181,95.0,25000,0,0,1,1,0,1,1,1,6,2,1,2015,3,11
1358,0,2.067929,87.0,544476,1,0,1,1,1,1,1,5,16,10,0,1973,5,11
1359,0,6.481464,111.0,101300000,0,0,1,1,1,1,1,4,16,14,0,1980,4,12
1361,0,3.985291,90.0,1000000,0,0,1,0,1,1,1,1,7,2,1,2012,1,5
1362,0,12.912845,75.0,45100,0,0,0,1,2,1,1,13,23,20,0,1925,2,12
1364,0,0.708186,87.0,10000000,0,0,1,1,1,1,1,2,9,11,0,1981,4,3
1366,250000,4.281631,99.0,56825,0,1,1,1,4,1,1,17,18,32,0,2013,0,7
1372,0,5.884228,96.0,1919197,0,0,1,0,2,1,1,12,8,18,0,2005,6,1
1373,0,4.891638,93.0,17277,1,0,0,1,2,2,1,6,9,12,1,1966,0,4
1377,0,9.732026,89.0,923,0,0,1,0,6,1,1,10,10,16,0,2017,4,1
1381,325000,0.867549,118.0,1600000,0,0,0,0,3,1,2,5,11,12,0,2016,3,2
1383,800000,7.271526,100.0,867714,0,1,1,1,2,1,1,6,3,33,0,2009,5,9
1389,0,0.240888,80.0,31894,0,1,1,1,0,1,1,0,3,2,0,2006,3,4
1392,0,12.507625,112.0,5475058,0,1,0,0,2,2,2,0,9,11,0,2012,1,10
1396,0,7.400261,115.0,23803308,1,1,0,1,7,1,3,1,18,18,0,2005,4,7
1403,0,8.445423,108.0,11472454,0,1,1,1,5,2,3,6,14,6,0,2016,4,4
1407,0,0.796854,105.0,4314688,1,0,0,0,1,1,1,0,16,4,0,2016,3,2
1410,0,2.978534,127.0,108083,0,1,0,1,2,1,1,1,23,1,1,2015,3,8
1414,0,2.616309,86.0,524668,0,0,1,1,3,1,1,5,12,8,0,1991,3,8
1416,0,8.98296,127.0,20374201,0,1,0,0,4,1,2,1,46,11,0,2011,3,10
1417,0,4.337214,115.0,17530973,0,0,1,1,3,1,1,4,34,16,0,1992,4,4
1420,700000,0.712844,85.0,1179676,0,0,1,1,1,4,2,2,7,2,0,2009,4,9
1422,0,4.241058,118.0,43471,0,0,0,1,1,1,1,2,4,3,0,2015,2,12
1425,0,5.385862,100.0,7840873,0,0,1,1,2,2,1,5,8,10,1,1985,4,6
1434,645180,5.841931,103.0,14743391,0,0,1,1,3,2,1,11,22,39,0,1989,4,7
1435,250000,0.386717,97.0,23859,0,0,1,1,1,1,1,5,6,2,0,2010,4,4
1437,0,1.123409,89.0,1100000,0,0,1,1,1,1,2,0,7,6,1,2004,2,11
1438,0,5.483163,97.0,62985,0,1,0,0,6,1,2,5,16,14,0,2010,6,5
1441,0,6.345885,93.0,14481606,1,0,1,1,1,1,1,17,12,32,0,1986,4,6
1445,0,7.089084,120.0,34710627,0,1,1,1,2,1,2,15,35,4,0,2011,4,3
1447,0,2.821608,124.0,8674093,0,0,1,1,2,1,1,3,8,2,0,1988,2,8
1450,0,5.695003,91.0,30524763,0,0,1,1,3,1,1,5,17,16,1,1992,4,4
1454,0,0.66989,137.0,80551,0,0,0,0,1,1,1,0,9,5,0,2015,1,2
1457,800000,2.46167,105.0,6792000,0,0,1,1,1,1,1,10,15,24,0,1965,3,12
1458,0,3.191386,111.0,7205,0,1,1,1,1,1,1,4,15,13,0,2014,4,10
1462,0,4.619915,92.0,442965,0,0,1,1,3,1,1,18,18,17,0,1995,4,9
1464,950000,9.62025,103.0,7022209,0,1,1,1,1,1,1,40,5,15,0,2005,4,1
1469,210000,3.424057,80.0,5000000,0,0,1,1,2,1,2,15,18,18,1,1953,4,6
1480,0,2.690008,96.0,125,0,1,1,1,2,1,1,5,12,8,0,2013,3,6
1485,0,16.373622,131.0,76586316,0,1,1,1,3,2,2,4,35,67,0,2013,4,11
1488,0,1.014961,103.0,6321392,0,0,1,1,1,1,1,0,11,10,1,1980,4,3
1489,0,0.318437,93.0,10198357,1,0,0,0,2,1,1,0,10,2,0,2010,3,2
1490,0,2.903563,94.0,401421,0,0,1,1,3,2,2,3,9,14,0,1988,4,9
1491,0,33.536359,93.0,5000000,0,0,0,0,5,1,1,3,13,3,0,2017,4,3
1500,650000,7.814255,98.0,33245,1,1,1,1,3,1,1,3,14,18,1,2010,3,9
1504,0,0.000844,94.0,989000,0,0,1,1,0,0,0,0,8,7,0,1987,4,4
1505,0,6.94881,80.0,286201,0,0,1,0,0,1,1,5,10,10,1,2011,4,10
1507,0,0.950658,90.0,320092,0,0,1,1,2,1,1,1,14,7,0,2003,4,10
1508,0,5.378833,95.0,16017403,0,0,1,1,4,1,2,9,10,17,0,2001,4,8
1510,0,8.844452,100.0,3214116,0,0,1,1,3,1,1,6,15,30,0,2015,4,6
1518,800000,11.84696,93.0,14000000,1,0,1,1,6,1,3,11,18,22,1,1984,4,3
1519,0,0.075885,98.0,269823,0,0,1,1,0,2,1,1,4,4,0,1990,4,9
1521,0,9.442756,90.0,21134374,1,0,1,1,1,1,1,21,35,6,1,1982,2,8
1523,0,0.780748,111.0,243000,0,0,0,0,1,1,1,1,10,14,0,2016,3,9
1526,777000,8.152085,86.0,2437000,0,1,1,1,2,1,1,11,14,12,0,1971,3,3
1530,0,1.650666,111.0,1079726,0,1,1,1,3,1,1,11,15,2,0,2001,4,5
1534,0,2.238458,95.0,5979011,0,0,1,1,2,1,1,2,7,2,0,1988,3,8
1535,0,0.739681,94.0,140987,0,1,1,1,1,1,1,1,3,3,1,2008,2,12
1536,850000,3.334942,107.0,819939,0,0,1,1,1,1,1,4,11,2,0,2003,3,7
1538,0,5.769957,81.0,7000000,0,1,1,1,1,1,0,9,9,3,2,2010,1,2
1541,0,7.87202,100.0,4719695,0,0,1,1,3,1,2,7,34,13,0,2015,4,4
1542,750000,0.201582,107.94115292233786,3,0,0,0,0,2,1,1,2,10,3,0,2014,3,6
1544,0,9.904821,97.0,36489888,0,0,1,1,1,1,1,3,13,2,0,1991,4,5
1545,0,5.966121,87.0,1055287,0,1,1,1,1,1,1,8,17,14,0,2016,4,4
1547,0,6.231928,130.0,519535,0,0,1,1,3,3,2,11,11,7,0,2013,6,3
1549,500000,0.482527,157.0,500000,0,0,1,0,1,1,1,1,19,6,0,2006,4,10
1552,0,0.779768,106.0,1553826,0,1,1,0,2,1,1,0,11,3,0,2013,4,2
1554,0,4.548774,93.0,22321,0,0,1,0,2,1,1,2,18,10,0,2011,4,10
1555,0,1.567626,98.0,10676194,1,0,1,1,4,2,2,4,19,15,3,1983,4,8
1563,0,7.074042,121.0,19978961,0,0,0,0,2,1,1,4,12,13,0,2013,5,9
1567,0,0.535931,88.0,11000,0,1,1,0,0,1,1,1,4,2,0,2010,6,9
1570,0,8.948565,110.0,239606210,1,0,1,1,1,2,1,5,10,10,1,1988,3,5
1571,0,12.994387,76.0,93600000,1,0,1,1,1,1,1,7,12,18,2,1955,2,6
1574,450000,2.333661,84.0,973525,0,0,1,1,2,2,1,6,7,2,0,2006,2,6
1575,0,2.605017,85.0,6700,0,1,1,0,4,1,1,6,19,73,0,2017,4,2
1586,0,11.127884,83.0,12382362,0,0,1,1,1,1,1,6,23,9,1,2005,3,9
1590,0,6.549788,97.0,3384747,0,0,1,0,3,1,1,13,20,23,0,2017,4,6
1591,0,5.086013,96.0,1031243,0,0,1,0,7,1,1,12,21,22,0,2013,2,7
1596,0,6.851243,89.0,102617,0,0,1,1,2,1,1,12,8,16,0,2013,3,9
1603,0,0.575656,105.0,3206713,0,0,1,1,1,1,1,0,4,4,1,1992,4,11
1610,0,7.601439,101.0,1929168,0,0,1,1,3,1,1,13,15,16,0,1998,4,6
1618,0,10.107677,95.0,3537961,0,0,1,1,4,1,1,38,0,0,0,2004,0,5
1619,891000,0.179246,89.0,229000,0,0,1,1,0,1,2,1,1,1,0,1998,4,2
1622,662141,1.233446,98.0,1606624,0,0,1,1,1,1,1,7,15,5,1,1943,3,4
1623,400000,0.218588,97.0,43719,0,0,1,0,0,0,0,0,7,4,0,2001,3,7
1624,0,4.071187,122.0,460226,0,0,0,1,3,1,3,11,22,31,1,1955,1,4
1627,0,4.494016,102.0,540152,0,0,1,1,4,1,2,2,9,3,0,2012,4,3
1628,0,2.738,105.0,28400000,0,0,1,1,3,3,1,9,8,4,1,1983,4,3
1630,0,0.269126,116.0,170832,0,0,1,0,0,1,1,1,7,2,0,1999,1,6
1637,0,4.11326,93.0,1697294,0,0,1,1,3,1,1,2,10,2,0,2012,5,9
1639,0,8.271179,129.0,30231200,1,1,0,1,1,1,1,1,5,3,2,2008,3,1
1646,0,4.13905,144.0,3692836,0,0,1,1,2,2,2,9,12,17,0,1996,4,10
1649,500000,0.321515,95.0,10300,0,0,1,1,0,0,0,1,37,1,0,1997,4,6
1652,0,9.206356,107.0,21890845,1,0,0,1,1,4,5,3,17,11,2,1996,5,2
1655,0,1.322781,107.0,1261947,0,1,0,0,2,1,1,0,5,2,1,2012,3,11
1659,0,1.773963,86.0,83398,0,1,1,1,1,1,1,3,8,2,0,2007,0,6
1663,360000,1.345165,113.0,36000000,1,0,1,1,3,1,1,4,11,2,1,1967,3,8
1668,0,8.513889,104.0,596349,0,0,1,1,3,1,3,21,20,10,0,1949,1,8
1669,700000,9.47666,171.0,7830611,0,0,1,1,2,1,1,11,3,3,0,1994,0,9
1680,60000,14.838386,81.0,248000000,1,1,1,1,2,1,1,13,10,28,0,1999,2,7
1681,180000,7.523517,89.0,900000,0,1,0,1,1,1,1,3,3,2,1,1997,4,8
1684,0,0.000308,105.0,1878561,0,0,1,0,2,0,1,0,12,2,0,1985,4,3
1688,0,1.437622,79.0,1718328,0,0,1,0,3,1,1,7,4,14,0,1993,3,8
1690,0,0.326486,98.0,457163,0,0,0,0,2,1,1,4,14,11,0,1972,2,9
1691,0,10.001517,108.0,5240,0,1,1,0,1,1,1,5,5,9,1,2014,3,9
1695,521873,1.668794,127.0,1013926,0,0,0,0,1,1,1,4,13,23,0,2016,4,6
1697,0,6.586401,115.0,5000000,0,0,0,1,3,2,3,4,52,14,1,1990,2,2
1698,0,5.860319,132.0,21621000,0,0,1,1,3,2,1,4,12,6,0,1992,4,1
1701,0,9.968395,135.0,7286388,0,0,1,1,1,1,3,4,7,12,0,1992,2,12
1702,0,1.784682,77.0,7424,0,0,0,0,1,1,1,0,7,4,0,2013,2,9
1703,0,2.083318,86.0,64227,0,0,1,0,3,1,1,0,8,18,0,1988,4,1
1706,0,1.210627,108.0,7218340,0,0,1,0,2,1,1,3,8,7,0,1985,4,12
1707,0,10.847383,141.0,5800000,0,0,1,1,1,1,2,12,43,20,0,1959,0,3
1714,0,11.485473,115.0,101191884,0,0,1,1,1,1,3,3,44,78,1,2003,4,1
1717,0,5.435993,96.0,5101756,0,1,0,1,1,1,2,9,7,11,1,2009,4,3
1721,0,5.773277,117.0,85313124,1,0,1,1,3,1,1,20,41,38,0,1985,4,6
1725,0,9.590695,128.0,27634716,0,0,1,1,3,1,6,6,20,9,0,1974,6,11
1739,0,9.64078,112.0,46434570,0,0,1,1,1,1,1,4,6,14,0,1992,4,12
1741,0,5.66966,119.0,26079312,0,0,1,1,3,1,1,2,9,17,0,1979,4,8
1747,750000,1.500013,98.0,4000000,0,0,1,0,0,1,1,0,4,5,1,2005,0,7
1749,0,2.033354,86.0,666045,0,0,1,1,3,1,1,0,15,9,1,2008,4,8
1754,0,1.812899,99.0,20666,0,0,0,0,6,1,2,3,6,10,0,2010,3,5
1755,2,2.466066,95.0,1,0,0,1,1,3,4,2,5,13,6,0,1995,3,9
1757,0,1.528202,108.0,88658655,0,1,0,0,2,2,2,5,9,7,1,2016,3,8
1759,0,3.367276,96.0,718490,0,0,1,1,2,1,1,1,21,4,0,1995,4,10
1761,290000,0.140491,85.0,596000,0,0,1,1,1,1,0,14,10,9,1,1928,4,4
1764,250000,8.168456,68.0,2500000,0,0,1,1,2,1,1,14,35,12,0,1921,3,1
1766,0,4.290624,120.0,14631377,0,1,1,1,4,3,3,9,21,9,0,2009,3,9
1767,0,0.371679,158.0,1486992,0,0,0,1,1,1,1,5,7,6,0,2001,4,7
1768,0,2.345336,91.0,8533973,0,0,1,0,0,1,2,3,9,1,0,1990,4,1
1770,0,11.443544,73.0,7900000,1,0,1,0,1,1,2,7,10,9,3,2006,1,8
1771,0,11.002046,115.0,7025496,0,0,1,1,1,1,1,5,19,5,1,1995,4,10
1774,0,10.752519,98.0,1133031,0,0,1,1,5,1,1,10,40,137,0,2016,2,7
1786,0,0.626528,105.0,268431,0,1,1,0,0,0,1,1,9,1,0,2008,2,11
1787,0,1.53188,103.0,94633,0,0,1,1,2,1,1,0,8,7,0,1999,4,4
1788,0,4.782755,101.0,382267,0,0,1,0,2,2,1,2,28,24,0,2006,4,5
1794,0,7.970312,145.0,25461,0,0,0,0,5,1,2,149,5,7,0,2000,2,7
1800,0,14.38601,129.0,66995253,1,1,0,1,8,3,3,8,17,32,1,2009,4,9
1801,5,0.00188,141.0,135,0,0,1,0,0,3,2,0,0,2,0,1999,4,1
1804,2500,0.404753,78.0,15425,0,0,1,0,0,1,1,1,11,5,0,2007,0,3
1806,0,10.274376,112.0,33461269,0,0,1,1,2,1,2,7,20,18,2,1990,4,8
1809,0,1.512013,150.0,217201,0,0,1,0,1,1,2,4,4,7,0,2002,1,10
1811,0,5.337351,111.0,2293798,0,0,0,0,1,1,1,2,23,12,0,2012,0,10
1813,0,11.106754,121.0,14393902,0,1,1,1,1,1,1,2,6,10,2,1985,4,10
1814,0,5.917685,86.0,47301471,0,0,0,1,1,1,1,3,10,8,2,2008,2,1
1817,0,6.328119,106.0,288312,0,0,1,1,1,1,1,1,25,7,0,2012,4,6
1820,0,0.518078,91.0,314195,0,0,0,0,0,1,1,1,7,1,0,2002,0,9
1821,500000,2.317528,88.0,220151,0,0,1,1,2,1,1,1,10,4,0,2007,2,1
1822,0,0.525869,120.0,62153,0,0,0,0,0,1,1,2,4,4,0,2002,4,4
1826,0,5.79907,81.0,5765562,1,0,1,1,1,1,1,3,16,20,0,1990,4,1
1828,0,0.418197,133.0,33053559,1,1,0,0,1,1,1,1,8,2,0,2005,4,11
1830,0,6.653254,96.0,19776159,1,0,1,1,4,2,3,12,23,12,0,2007,4,2
1834,0,3.631863,124.0,1200627,0,0,0,1,2,1,1,7,19,3,1,2015,2,8
1835,0,1.298224,96.0,102780,0,0,1,1,1,1,1,7,8,31,0,1993,1,9
1840,0,1.655202,156.0,138913,1,0,1,0,0,1,1,0,8,2,0,2006,4,2
1843,0,9.987072,105.0,27900000,0,0,1,0,1,1,1,6,21,17,2,1983,4,12
1844,0,1.907938,106.0,5405313,0,0,0,0,1,1,1,3,20,8,0,1999,3,4
1848,0,0.540436,86.0,209935,0,0,1,1,0,1,1,3,19,5,0,1995,4,9
1851,0,6.741159,94.0,6538177,0,0,1,1,2,1,2,5,22,24,0,2006,4,1
1853,0,3.928278,93.0,3090862,0,0,1,1,4,1,2,2,8,22,1,2002,4,10
1854,0,11.266569,90.0,50504655,0,0,1,1,1,1,1,2,15,44,0,1987,2,11
1858,0,4.67525,114.0,1805884,0,0,0,0,4,1,1,1,6,4,0,2000,3,8
1865,0,7.65458,93.0,181466833,1,0,1,1,2,1,1,5,12,135,2,2004,2,3
1868,0,7.444848,92.0,17037887,0,0,1,1,1,1,1,0,10,9,0,1990,4,4
1874,0,14.164519,133.0,72287783,1,0,0,0,2,2,1,4,57,8,3,2013,4,9
1875,0,0.229233,107.94115292233786,1,0,1,1,0,0,1,1,0,6,1,0,2007,0,1
1882,0,6.175627,109.0,20240128,0,0,1,0,2,1,1,0,12,2,0,1990,4,2
1883,0,5.279919,108.0,20642922,0,0,1,0,1,1,1,3,12,6,2,1975,3,3
1886,0,6.715019,103.0,1535558,0,0,0,1,3,2,1,10,16,14,0,1997,1,10
1891,0,0.217441,90.0,320395,0,0,0,0,1,1,1,1,4,2,0,2014,3,3
1894,12000,5.738871,93.0,6000000,0,0,1,1,1,1,1,17,11,7,0,1972,6,3
1895,0,2.03644,86.0,849915,0,0,1,1,1,1,1,6,8,3,3,1985,4,3
1896,700000,8.407369,94.0,3000000,1,0,1,1,1,1,2,4,9,7,0,1958,1,7
1899,0,2.115753,108.0,6488144,0,0,1,1,2,1,1,6,7,8,1,1990,4,2
1900,0,2.06066,150.0,355962,0,0,1,0,0,2,1,2,8,7,0,2005,4,11
1902,0,0.100465,88.0,251058,0,0,1,1,0,0,1,2,10,11,0,2001,4,9
1905,0,9.296024,110.0,49998613,0,0,1,1,2,1,1,12,15,8,2,1987,4,6
1906,0,6.073468,95.0,15429177,0,0,1,1,3,2,1,10,7,10,0,1991,4,4
1907,0,7.597475,93.0,200406,0,1,1,0,3,1,1,2,35,7,0,2014,4,4
1910,0,6.122067,102.0,1179002,0,0,1,0,1,1,1,7,10,16,1,1997,4,1
1912,0,0.077653,75.0,67821,0,0,1,0,0,2,1,0,0,2,0,2011,4,4
1913,0,7.131568,148.0,25147786,0,0,0,1,6,2,4,4,52,17,0,2010,2,10
1916,0,2.156134,90.0,3462,0,0,0,0,1,1,1,0,29,14,0,2012,5,11
1918,592,0.286719,137.0,1,0,0,1,0,2,1,0,4,8,17,0,1925,1,8
1919,0,3.267026,89.0,15240456,0,1,1,0,1,1,1,6,1,6,2,2011,4,4
1920,0,4.010441,96.0,2043704,0,0,1,0,0,1,3,1,8,2,0,2006,0,1
1924,0,1.218763,100.0,6000000,0,0,1,1,0,0,0,0,3,1,0,2005,6,11
1926,0,0.009961,87.0,311245,0,0,1,1,0,2,1,5,1,4,0,1992,4,5
1932,0,3.743212,106.0,50892160,0,0,1,1,3,1,1,4,16,5,0,1995,4,8
1933,0,5.426921,105.0,51854875,0,1,1,1,1,1,2,4,23,4,2,2012,2,8
1942,0,7.834161,80.0,1100000,0,1,1,1,2,1,2,0,10,12,0,2015,4,6
1945,0,7.798615,108.0,20471382,1,0,1,1,1,2,1,5,10,10,0,1981,4,3
1947,0,8.471415,86.0,4069826,0,0,1,0,3,2,1,5,48,23,0,2013,4,5
1949,0,1.479018,138.0,204,0,0,0,0,1,1,1,0,13,7,0,2006,4,3
1952,0,8.164312,128.0,2628241,0,0,0,0,6,2,4,11,9,12,0,2001,4,8
1953,0,1.655794,122.0,14836,0,0,1,1,3,2,1,0,10,22,0,2012,0,2
1955,0,4.322544,126.0,50021959,0,0,1,1,1,1,3,5,43,11,0,1994,4,4
1957,855000,1.121417,96.0,1200000,0,0,1,1,1,1,2,11,18,29,0,1943,6,5
1960,500000,1.946823,87.0,500000,0,1,1,0,1,1,1,0,8,2,0,2012,1,6
1962,0,2.065029,85.0,35456,0,1,1,1,0,1,1,4,1,2,0,2010,3,4
1963,0,5.244654,118.0,42647449,0,0,1,1,1,1,1,3,20,22,0,2006,4,1
1965,0,0.35233,91.0,7406,0,0,0,0,2,2,1,1,15,2,0,2002,6,5
1967,0,9.609726,108.0,11650,0,0,1,1,2,1,2,0,16,3,1,2013,5,2
1970,0,7.745083,90.0,343341,0,1,1,1,1,1,1,4,14,22,0,2013,4,8
1982,0,3.199976,112.0,23042200,0,0,1,1,1,1,1,2,11,15,0,1993,4,9
1984,0,1.881932,98.0,4176932,0,0,1,1,3,1,1,12,23,11,0,1994,5,1
1988,0,5.584308,186.0,13200241,0,0,0,0,1,1,2,3,19,10,0,2003,3,11
1994,0,6.0955,75.0,4571025,0,0,1,1,3,1,1,4,20,10,2,2014,1,8
2001,0,0.43491,97.0,16928137,0,0,1,1,2,1,1,2,13,11,0,1978,4,2
2002,0,8.500628,89.0,1250712,1,0,1,0,1,1,2,0,8,2,2,1991,2,1
2007,0,12.140733,78.0,11348324,1,0,1,1,3,1,1,8,13,14,3,1995,4,12
2009,0,1.592152,89.0,121129,0,1,0,0,0,1,1,4,8,3,0,2007,2,6
2014,0,0.444226,100.0,100544,0,0,1,0,0,0,3,4,8,2,0,1998,0,3
2021,0,5.993691,101.0,5741608,0,1,1,1,3,1,1,25,16,24,0,2007,4,9
2022,0,18.577504,100.0,260354,0,1,1,0,6,3,1,10,27,41,0,2016,4,10
2024,0,5.32553,96.0,7897645,0,1,1,0,1,1,1,16,24,15,0,2003,4,9
2028,440141,0.815203,160.0,2640850,0,0,0,0,1,1,1,4,9,11,0,2007,4,9
2033,4,1.914697,89.0,25,0,0,1,1,1,1,1,13,9,25,0,1932,2,12
2034,0,7.655603,122.0,15309302,0,0,1,1,1,1,2,5,54,27,0,2006,4,1
2038,120000,0.485424,130.0,130000,0,0,0,1,1,1,1,10,17,5,0,2012,3,5
2041,0,9.04083,104.0,9234510,0,0,1,1,1,1,4,6,10,20,0,2007,4,9
2042,0,5.121894,105.0,262921,0,0,1,0,5,1,1,7,26,17,0,2016,5,4
2049,0,6.634939,92.0,6455530,0,0,1,1,3,4,2,7,17,8,3,1982,4,11
2052,0,1.656115,110.0,1494399,0,0,1,1,3,2,1,1,30,1,0,1990,4,12
2054,0,1.217192,91.0,258464,0,0,1,1,3,5,1,7,7,2,0,1998,4,11
2055,134000,5.110716,73.0,4000000,1,0,1,1,1,1,3,13,8,14,0,1942,4,12
2058,0,4.607583,106.0,239894,0,0,1,1,2,1,1,7,31,32,0,1999,3,10
2064,0,4.84886,87.0,6861102,0,1,1,1,1,1,1,8,14,3,0,2011,4,2
2071,0,7.851263,115.0,10878107,1,0,1,1,2,1,3,6,20,23,0,1963,2,12
2073,0,7.046825,129.0,1822250,0,0,1,1,2,2,1,3,23,8,0,2014,1,10
2077,0,0.14603,90.0,4542,0,1,1,0,0,1,1,1,0,2,0,2009,4,8
2078,0,1.228145,98.0,1501785,0,0,1,1,1,1,1,4,11,2,1,1991,4,9
2080,0,0.245606,75.0,263000,0,0,0,0,1,1,1,3,8,2,0,2016,3,10
2084,0,1.95315,102.0,3848034,0,0,0,1,1,1,1,0,9,2,0,2008,3,1
2086,0,2.481504,105.0,11000000,0,0,1,1,2,1,1,4,20,13,0,1980,4,9
2093,0,0.960569,98.0,168180,1,0,0,1,1,1,1,2,12,7,0,1993,4,9
2095,0,2.711041,118.0,2802459,0,0,0,0,3,1,3,1,18,6,0,2011,6,9
2096,0,0.075409,90.0,10068,0,1,1,0,1,2,2,3,0,3,0,2009,6,3
2097,0,1.068288,79.0,127251,0,0,1,1,3,2,1,0,11,7,0,1996,4,7
2099,120000,5.648187,97.0,182857,0,0,0,1,1,1,2,5,9,7,0,1964,1,8
2100,550000,12.146747,95.0,59754601,1,0,1,1,3,1,1,15,23,22,0,1980,4,5
2102,134005,2.003832,104.0,1332231,0,1,1,0,1,1,2,2,18,22,0,2011,4,7
2105,0,3.508075,93.0,45703,0,0,1,1,4,2,1,1,17,47,0,1999,4,1
2107,531374,7.970462,96.0,1103757,0,0,1,1,1,1,1,19,64,35,1,1939,2,3
2113,0,5.997712,114.0,24760338,0,0,1,1,2,1,1,6,28,17,0,1993,2,8
2118,344,0.158651,104.0,4,0,1,1,1,3,2,2,2,10,2,0,2001,5,9
2120,0,1.026053,96.0,2346150,0,0,1,1,1,1,1,0,15,5,2,1990,4,1
2123,0,4.248105,120.0,166775,0,0,1,0,1,1,1,1,16,34,0,2014,6,9
2130,0,1.051148,94.0,13983,0,0,0,0,0,0,3,1,7,3,0,2013,4,9
2137,0,5.612379,84.0,11567217,1,0,1,1,1,1,1,7,11,7,0,1989,3,3
2141,0,3.451518,101.0,4291965,0,0,1,1,3,4,3,6,13,13,1,2006,4,10
2145,0,1.797462,96.0,551281,0,0,1,1,2,1,1,24,35,75,1,1996,4,3
2147,0,2.643111,91.0,181107,0,1,1,1,0,1,2,10,2,2,0,2012,3,6
2149,0,8.761268,90.0,22707064,0,0,1,0,3,2,3,8,18,4,0,2008,4,2
2154,0,1.021641,88.0,519204,0,0,0,0,1,1,1,5,18,16,2,1979,3,11
2161,0,10.03628,106.0,17671101,0,0,1,1,6,2,1,2,25,44,0,2015,3,10
2163,0,7.817811,127.0,38290723,0,0,1,0,2,1,1,7,14,10,0,1995,2,1
2164,600000,6.854576,95.0,185898,1,0,1,1,1,1,1,13,34,11,0,1994,5,1
2169,0,6.969947,84.0,2500431,0,1,1,1,2,2,1,2,16,21,0,2015,4,8
2170,658000,9.072006,90.0,23800000,0,0,1,1,2,1,1,11,12,12,0,1953,3,4
2174,0,4.709454,100.0,9500000,0,0,0,0,4,1,1,0,15,11,0,2013,1,3
2175,0,1.342194,78.0,37598,0,0,0,0,2,2,1,5,7,9,0,1996,1,8
2182,0,7.10005,83.0,43579163,1,0,1,1,2,1,1,2,16,6,0,1986,3,3
2184,0,5.141952,92.0,918239,0,0,1,1,1,1,1,3,9,5,0,1992,4,4
2187,74050,2.789574,98.0,176153,0,0,1,1,10,4,1,23,17,13,0,2004,2,9
2196,0,0.876297,102.0,346297,0,0,1,1,5,2,2,12,13,14,1,1988,4,9
2197,0,7.757913,107.0,773228,0,0,1,0,4,2,2,3,25,3,2,2002,2,1
2204,0,4.857726,97.0,1896244,0,0,1,0,0,1,1,4,4,2,0,2009,4,8
2209,0,7.007739,111.0,6698361,1,0,1,1,2,1,2,4,7,2,2,1990,4,8
2211,0,7.696023,85.0,29326868,0,0,1,0,4,1,1,7,8,2,0,2006,2,3
2225,0,3.900709,125.0,536364,1,0,0,0,1,1,1,12,19,15,0,1955,3,8
2227,200000,0.917777,105.0,8000000,0,0,1,1,1,2,1,2,13,12,2,2016,5,12
2230,0,0.779829,93.0,5099316,0,0,1,1,4,1,1,21,14,14,1,1986,4,7
2237,0,11.331859,106.0,8212430,0,1,1,1,4,2,4,11,18,15,0,2010,3,10
2247,0,8.067119,90.0,4417667,0,1,1,1,2,1,1,0,19,10,0,2016,4,7
2251,0,4.060966,97.0,228136,0,0,1,0,3,1,1,0,12,15,0,2015,3,5
2252,130,2.402032,130.0,8,0,0,0,0,2,1,1,6,15,4,1,2011,2,8
2254,0,3.527212,106.0,307076,0,1,0,0,4,1,1,17,13,12,0,2007,4,8
2256,1,1.337096,95.0,100,0,0,1,1,2,1,1,4,6,4,0,1999,4,4
2257,0,1.484109,158.0,138000,0,0,0,1,1,1,1,4,8,5,0,1991,2,10
2260,0,5.923904,99.0,1829917,0,1,1,1,3,1,1,13,15,16,0,2008,4,8
2262,0,2.326119,98.0,4557214,0,0,1,1,3,1,1,4,28,12,1,1989,4,2
2264,0,3.316857,100.0,7965,0,0,1,0,1,1,1,3,7,6,0,2013,3,2
2266,500000,0.370114,157.0,500000,0,0,1,0,0,1,1,0,9,5,1,1995,0,9
2268,0,2.844534,103.0,90508336,0,1,1,0,2,1,1,1,14,3,0,2009,0,2
2271,500000,8.212399,110.0,3000000,0,0,1,1,1,1,2,5,15,9,0,1973,1,10
2277,0,10.287127,100.0,37473,1,1,0,1,3,1,3,5,35,12,1,2014,2,2
2282,0,6.422711,103.0,7985929,0,0,1,1,2,0,1,3,27,33,1,1998,4,4
2284,0,4.40284,92.0,3903479,0,1,1,0,1,1,1,3,8,10,1,2012,2,8
2286,0,8.37404,100.0,1200398,0,1,1,0,1,1,1,18,14,14,0,2007,6,10
2293,0,0.436028,110.0,50656,0,0,0,0,3,1,1,0,5,4,0,2009,4,10
2295,0,0.114609,102.0,147542,0,0,1,1,0,1,1,0,36,6,0,1989,4,4
2296,400000,0.038876,80.0,5255,0,0,1,0,0,0,1,3,3,1,0,2008,4,3
2299,0,4.472892,90.0,179943,0,0,0,0,1,1,1,3,20,4,0,2008,1,7
2302,0,1.238971,101.0,1110566,0,0,0,0,1,1,1,0,6,2,0,2006,3,6
2303,0,0.002229,107.94115292233786,65335,0,0,0,0,1,1,1,4,7,0,0,1996,3,3
2307,0,6.518028,108.0,41162041,1,1,0,1,1,1,1,0,5,6,2,2009,4,6
2313,0,4.453296,107.0,3117985,0,1,1,1,0,1,1,6,5,28,0,2003,4,5
2315,0,8.534039,122.0,455815,0,0,1,0,6,6,1,1,10,21,1,2013,3,5
2324,0,2.76145,63.0,7940,0,0,0,1,1,1,1,16,33,18,0,1930,0,10
2331,0,7.859837,105.0,81381,0,0,1,1,1,1,1,10,10,14,0,2013,4,9
2333,0,7.032964,93.0,111996,0,0,1,1,1,2,1,8,29,12,0,2014,0,10
2336,0,5.184701,88.0,263404,0,0,0,1,1,1,2,21,27,27,0,1958,1,1
2337,0,7.190986,100.0,66132626,1,0,1,1,1,1,2,7,12,10,1,1980,4,8
2338,0,4.737529,113.0,8362969,0,0,1,1,3,1,1,17,17,17,1,1986,4,11
2343,500000,1.640271,90.0,5330000,1,0,0,0,0,0,1,0,4,1,0,2008,4,2
2344,350000,1.553107,96.0,2400000,0,0,1,0,2,1,1,9,11,15,0,1985,1,10
2346,0,4.691574,98.0,13022756,0,0,1,0,1,1,1,0,16,16,1,2006,6,1
2349,0,2.787833,111.0,5262047,0,0,1,1,1,1,1,5,16,4,0,1987,1,5
2359,0,2.255032,111.0,370668,0,0,1,0,2,1,1,0,29,37,0,1999,3,2
2360,0,0.765825,90.0,6029824,0,0,1,1,2,1,1,3,9,13,0,1986,4,8
2361,0,6.997583,108.0,939101,0,1,0,1,9,5,2,2,19,22,0,2016,4,6
2363,0,2.976672,89.0,35022,0,1,1,1,1,1,1,13,10,8,0,2013,5,1
2366,0,9.046751,122.0,794452,0,0,0,0,2,1,1,1,43,22,0,2014,5,9
2367,0,9.961184,85.0,59700000,0,1,1,1,3,2,1,15,17,24,3,2015,3,2
2368,0,5.439942,114.0,27734391,0,0,1,1,1,1,2,4,13,7,0,1990,4,1
2369,0,9.503762,105.0,7865,0,1,0,0,1,1,1,4,19,3,1,2013,4,9
2372,0,0.975702,98.0,28460702,0,0,1,0,0,1,2,0,7,4,0,1978,2,3
2380,0,5.985236,97.0,6086508,1,1,1,1,1,1,1,6,19,34,0,2006,4,12
2382,0,5.019486,129.0,494506,0,1,1,1,3,1,1,4,19,28,0,2015,4,8
2384,0,4.471645,126.0,3,1,0,0,0,3,2,2,0,19,5,0,1970,1,5
2385,0,0.407732,88.0,671,0,0,1,0,2,1,1,0,0,0,0,2001,3,3
2386,0,10.134408,120.0,25893810,0,0,1,1,3,1,1,3,48,11,1,1987,1,6
2387,0,8.283863,115.0,21700000,0,0,1,1,2,1,1,4,16,12,2,1974,3,5
2390,0,6.228255,87.0,20000000,1,0,0,1,9,1,1,7,12,7,1,1997,5,7
2394,0,4.556825,90.0,694438,0,0,1,1,4,2,1,2,52,2,0,1991,1,9
2396,0,5.752416,115.0,248392,0,0,0,1,15,1,4,5,11,39,0,2015,2,8
2400,0,1.13376,133.0,15,0,1,0,0,4,1,1,0,7,9,0,2011,5,11
2401,0,9.916094,110.0,688510,0,0,1,1,1,1,1,1,10,2,0,2000,1,1
2408,0,1.132307,99.0,1884814,0,0,1,0,2,1,1,0,9,15,0,1993,4,4
2415,0,5.916187,122.0,61801971,0,0,1,0,3,1,1,6,17,6,0,1979,4,12
2416,0,10.597116,98.0,23202734,0,0,1,1,2,1,2,3,27,10,0,1993,4,4
2422,0,8.260823,94.0,11576431,0,1,0,0,1,1,2,24,13,8,0,2003,2,12
2423,0,3.659745,102.0,6347072,1,0,1,1,1,1,2,4,75,11,1,1983,4,2
2424,500000,0.493342,157.0,500000,0,0,1,0,0,1,1,0,11,6,0,1999,2,8
2426,0,5.952392,88.0,28061343,1,0,1,1,1,1,1,5,23,6,0,1987,3,4
2427,0,0.02158,105.0,1334173,1,0,0,0,1,1,1,11,20,12,0,1983,6,9
2428,0,1.109111,91.0,1347988,0,0,1,0,0,0,0,0,4,1,0,2002,4,4
2429,0,8.685761,108.0,34585416,0,0,1,1,3,1,1,5,25,9,0,1996,4,10
2433,0,3.898236,81.0,580527,0,0,1,1,3,1,2,9,21,9,0,2006,0,9
2434,0,8.963037,87.0,32,0,0,1,1,1,1,1,6,17,2,0,1996,3,2
2435,0,3.967229,105.0,104507,0,0,1,1,2,1,1,5,10,8,0,2015,4,5
2436,0,3.782615,106.0,3956913,1,0,0,0,1,1,1,1,10,4,2,1993,3,3
2445,0,2.555585,112.0,694497,0,0,1,0,0,0,1,0,6,2,0,1983,4,2
2452,0,5.713974,93.0,523511,0,0,1,1,4,1,1,4,12,9,0,2013,4,11
2458,0,8.452485,112.0,587615,0,0,1,0,1,1,1,0,8,30,0,2013,4,2
2459,0,9.449103,97.0,3295624,0,0,1,1,4,1,1,4,12,28,1,2016,3,4
2464,0,4.778045,93.0,106498,0,0,0,0,8,1,1,1,9,19,0,2015,0,3
2474,500000,8.398158,93.0,150277,0,0,1,1,2,1,1,5,17,12,0,2002,6,1
2475,0,1.832762,116.0,79,1,0,0,0,3,1,1,1,7,3,0,2013,3,6
2478,0,3.444266,117.0,19131000,0,0,1,1,1,1,1,3,9,19,0,1989,4,12
2484,0,6.114898,105.0,48911,0,0,1,1,4,1,1,6,5,22,0,2014,4,6
2485,0,3.606688,113.0,30399676,1,0,0,0,1,1,2,8,16,13,1,1992,2,9
2492,135000,0.588872,94.0,10474,0,1,1,1,3,1,1,0,12,12,1,2010,4,9
2494,500000,5.85469,88.0,8679814,0,0,1,1,2,1,1,5,15,16,0,2003,6,1
2495,0,0.31754,94.0,99303,0,1,1,0,1,1,1,4,15,2,0,2011,2,4
2497,0,11.19785,105.0,605562,0,0,1,1,2,1,1,15,12,54,0,2002,4,10
